id_survei,id_peserta,aspek,skor,komentar
S0001,P0025,Materi Pelatihan,3,
S0001,P0025,Kualitas Fasilitator,2,
S0001,P0025,Sarana dan Prasarana,3,
S0001,P0025,Konsumsi,4,
S0001,P0025,Ketepatan Waktu,3,
S0002,P0058,Materi Pelatihan,4,
S0002,P0058,Kualitas Fasilitator,4,
S0002,P0058,Konsumsi,4,
S0002,P0058,Ketepatan Waktu,4,
S0003,P0139,Materi Pelatihan,4,
S0003,P0139,Kualitas Fasilitator,4,
S0003,P0139,Sarana dan Prasarana,5,
S0003,P0139,Konsumsi,4,
S0003,P0139,Ketepatan Waktu,3,
S0004,P0053,Materi Pelatihan,4,
S0004,P0053,Kualitas Fasilitator,4,
S0004,P0053,Sarana dan Prasarana,4,
S0004,P0053,Konsumsi,4,
S0004,P0053,Ketepatan Waktu,3,
S0005,P0077,Materi Pelatihan,5,
S0005,P0077,Kualitas Fasilitator,4,
S0005,P0077,Sarana dan Prasarana,3,
S0005,P0077,Konsumsi,5,
S0005,P0077,Ketepatan Waktu,4,
S0006,P0011,Materi Pelatihan,3,
S0006,P0011,Kualitas Fasilitator,5,
S0006,P0011,Sarana dan Prasarana,4,
S0006,P0011,Konsumsi,4,
S0006,P0011,Ketepatan Waktu,3,
S0007,P0024,Materi Pelatihan,4,
S0007,P0024,Kualitas Fasilitator,3,
S0007,P0024,Sarana dan Prasarana,5,
S0007,P0024,Konsumsi,5,
S0007,P0024,Ketepatan Waktu,4,
S0008,P0089,Kualitas Fasilitator,4,
S0008,P0089,Sarana dan Prasarana,3,
S0008,P0089,Konsumsi,3,
S0008,P0089,Ketepatan Waktu,4,
S0009,P0128,Materi Pelatihan,4,
S0009,P0128,Kualitas Fasilitator,5,
S0009,P0128,Sarana dan Prasarana,5,
S0009,P0128,Konsumsi,4,
S0009,P0128,Ketepatan Waktu,5,
S0010,P0060,Materi Pelatihan,4,
S0010,P0060,Kualitas Fasilitator,4,
S0010,P0060,Sarana dan Prasarana,4,
S0010,P0060,Konsumsi,1,
S0010,P0060,Ketepatan Waktu,4,
S0011,P0145,Materi Pelatihan,3,
S0011,P0145,Kualitas Fasilitator,5,
S0011,P0145,Sarana dan Prasarana,5,
S0011,P0145,Konsumsi,5,
S0011,P0145,Ketepatan Waktu,5,
S0012,P0144,Materi Pelatihan,4,
S0012,P0144,Kualitas Fasilitator,5,
S0012,P0144,Sarana dan Prasarana,3,
S0012,P0144,Konsumsi,4,
S0012,P0144,Ketepatan Waktu,3,
S0013,P0001,Materi Pelatihan,4,
S0013,P0001,Kualitas Fasilitator,5,
S0013,P0001,Sarana dan Prasarana,4,
S0013,P0001,Konsumsi,5,
S0013,P0001,Ketepatan Waktu,5,
S0014,P0122,Materi Pelatihan,5,
S0014,P0122,Kualitas Fasilitator,4,
S0014,P0122,Sarana dan Prasarana,3,
S0014,P0122,Konsumsi,4,
S0014,P0122,Ketepatan Waktu,5,
S0015,P0042,Materi Pelatihan,4,
S0015,P0042,Kualitas Fasilitator,4,
S0015,P0042,Sarana dan Prasarana,5,
S0015,P0042,Konsumsi,4,
S0015,P0042,Ketepatan Waktu,3,
S0016,P0067,Materi Pelatihan,5,
S0016,P0067,Kualitas Fasilitator,4,
S0016,P0067,Sarana dan Prasarana,4,
S0016,P0067,Konsumsi,5,
S0016,P0067,Ketepatan Waktu,5,
S0017,P0050,Materi Pelatihan,5,
S0017,P0050,Kualitas Fasilitator,4,
S0017,P0050,Sarana dan Prasarana,4,
S0018,P0072,Materi Pelatihan,4,
S0018,P0072,Kualitas Fasilitator,4,
S0018,P0072,Sarana dan Prasarana,5,
S0018,P0072,Konsumsi,5,
S0018,P0072,Ketepatan Waktu,3,
S0019,P0121,Materi Pelatihan,4,
S0019,P0121,Kualitas Fasilitator,5,
S0019,P0121,Sarana dan Prasarana,4,
S0019,P0121,Konsumsi,5,
S0019,P0121,Ketepatan Waktu,5,
S0020,P0100,Materi Pelatihan,5,
S0020,P0100,Kualitas Fasilitator,4,
S0020,P0100,Sarana dan Prasarana,4,
S0020,P0100,Konsumsi,5,
S0020,P0100,Ketepatan Waktu,4,
S0021,P0022,Materi Pelatihan,4,
S0021,P0022,Kualitas Fasilitator,4,
S0021,P0022,Sarana dan Prasarana,5,
S0021,P0022,Konsumsi,5,
S0021,P0022,Ketepatan Waktu,5,
S0022,P0090,Materi Pelatihan,4,
S0022,P0090,Sarana dan Prasarana,5,
S0022,P0090,Konsumsi,5,
S0022,P0090,Ketepatan Waktu,5,
S0023,P0050,Materi Pelatihan,4,
S0023,P0050,Kualitas Fasilitator,4,
S0023,P0050,Sarana dan Prasarana,4,
S0023,P0050,Konsumsi,4,
S0023,P0050,Ketepatan Waktu,5,
S0024,P0091,Materi Pelatihan,5,
S0024,P0091,Kualitas Fasilitator,4,
S0024,P0091,Sarana dan Prasarana,5,
S0024,P0091,Konsumsi,4,
S0024,P0091,Ketepatan Waktu,5,
S0025,P0047,Materi Pelatihan,5,
S0025,P0047,Kualitas Fasilitator,3,
S0025,P0047,Sarana dan Prasarana,3,
S0025,P0047,Konsumsi,5,
S0025,P0047,Ketepatan Waktu,4,
S0026,P0028,Materi Pelatihan,3,
S0026,P0028,Kualitas Fasilitator,2,
S0026,P0028,Sarana dan Prasarana,4,
S0026,P0028,Ketepatan Waktu,3,
S0027,P0084,Materi Pelatihan,4,
S0027,P0084,Kualitas Fasilitator,5,
S0027,P0084,Sarana dan Prasarana,4,
S0027,P0084,Konsumsi,5,
S0027,P0084,Ketepatan Waktu,5,
S0028,P0067,Materi Pelatihan,5,
S0028,P0067,Kualitas Fasilitator,4,
S0028,P0067,Sarana dan Prasarana,4,
S0028,P0067,Konsumsi,5,
S0028,P0067,Ketepatan Waktu,4,
S0029,P0078,Materi Pelatihan,5,
S0029,P0078,Kualitas Fasilitator,5,
S0029,P0078,Sarana dan Prasarana,3,
S0029,P0078,Konsumsi,5,
S0029,P0078,Ketepatan Waktu,5,
S0030,P0102,Materi Pelatihan,4,
S0030,P0102,Kualitas Fasilitator,4,
S0030,P0102,Sarana dan Prasarana,5,
S0030,P0102,Konsumsi,4,
S0030,P0102,Ketepatan Waktu,3,
S0031,P0094,Kualitas Fasilitator,4,
S0031,P0094,Konsumsi,5,
S0031,P0094,Ketepatan Waktu,3,
S0032,P0059,Materi Pelatihan,3,
S0032,P0059,Kualitas Fasilitator,2,
S0032,P0059,Sarana dan Prasarana,4,
S0032,P0059,Konsumsi,4,
S0032,P0059,Ketepatan Waktu,5,
S0033,P0067,Materi Pelatihan,4,
S0033,P0067,Kualitas Fasilitator,4,
S0033,P0067,Sarana dan Prasarana,4,
S0033,P0067,Konsumsi,4,
S0033,P0067,Ketepatan Waktu,4,
S0034,P0005,Materi Pelatihan,5,
S0034,P0005,Kualitas Fasilitator,5,
S0034,P0005,Sarana dan Prasarana,5,
S0034,P0005,Konsumsi,4,
S0034,P0005,Ketepatan Waktu,5,
S0035,P0069,Materi Pelatihan,2,
S0035,P0069,Kualitas Fasilitator,5,
S0035,P0069,Sarana dan Prasarana,4,
S0035,P0069,Konsumsi,5,
S0035,P0069,Ketepatan Waktu,4,
S0036,P0115,Materi Pelatihan,4,
S0036,P0115,Kualitas Fasilitator,1,
S0036,P0115,Sarana dan Prasarana,1,
S0036,P0115,Konsumsi,4,
S0036,P0115,Ketepatan Waktu,4,
S0037,P0115,Materi Pelatihan,5,
S0037,P0115,Kualitas Fasilitator,4,
S0037,P0115,Sarana dan Prasarana,4,
S0037,P0115,Konsumsi,5,
S0037,P0115,Ketepatan Waktu,4,
S0038,P0036,Materi Pelatihan,4,
S0038,P0036,Sarana dan Prasarana,3,
S0038,P0036,Konsumsi,4,
S0038,P0036,Ketepatan Waktu,3,
S0039,P0098,Materi Pelatihan,5,
S0039,P0098,Kualitas Fasilitator,4,
S0039,P0098,Sarana dan Prasarana,4,
S0039,P0098,Konsumsi,4,
S0039,P0098,Ketepatan Waktu,5,
S0040,P0141,Materi Pelatihan,2,
S0040,P0141,Kualitas Fasilitator,4,
S0040,P0141,Sarana dan Prasarana,3,
S0040,P0141,Konsumsi,5,
S0040,P0141,Ketepatan Waktu,5,
S0041,P0024,Materi Pelatihan,3,
S0041,P0024,Kualitas Fasilitator,2,
S0041,P0024,Konsumsi,4,
S0041,P0024,Ketepatan Waktu,4,
S0042,P0040,Materi Pelatihan,5,
S0042,P0040,Kualitas Fasilitator,4,
S0042,P0040,Sarana dan Prasarana,5,
S0042,P0040,Konsumsi,5,
S0042,P0040,Ketepatan Waktu,2,
S0043,P0132,Materi Pelatihan,5,
S0043,P0132,Kualitas Fasilitator,3,
S0043,P0132,Sarana dan Prasarana,4,
S0043,P0132,Konsumsi,5,
S0043,P0132,Ketepatan Waktu,4,
S0044,P0059,Materi Pelatihan,2,
S0044,P0059,Kualitas Fasilitator,4,
S0044,P0059,Sarana dan Prasarana,3,
S0044,P0059,Ketepatan Waktu,4,
S0045,P0068,Kualitas Fasilitator,5,
S0045,P0068,Sarana dan Prasarana,4,
S0045,P0068,Konsumsi,3,
S0045,P0068,Ketepatan Waktu,4,
S0046,P0020,Materi Pelatihan,4,
S0046,P0020,Kualitas Fasilitator,4,
S0046,P0020,Sarana dan Prasarana,4,
S0046,P0020,Konsumsi,3,
S0046,P0020,Ketepatan Waktu,4,
S0047,P0012,Materi Pelatihan,5,
S0047,P0012,Kualitas Fasilitator,3,
S0047,P0012,Sarana dan Prasarana,5,
S0047,P0012,Konsumsi,4,
S0048,P0016,Materi Pelatihan,5,
S0048,P0016,Kualitas Fasilitator,4,
S0048,P0016,Sarana dan Prasarana,5,
S0048,P0016,Konsumsi,4,
S0048,P0016,Ketepatan Waktu,5,
S0049,P0141,Materi Pelatihan,5,
S0049,P0141,Kualitas Fasilitator,1,
S0049,P0141,Sarana dan Prasarana,5,
S0049,P0141,Konsumsi,4,
S0049,P0141,Ketepatan Waktu,4,
S0050,P0054,Materi Pelatihan,3,
S0050,P0054,Kualitas Fasilitator,4,
S0050,P0054,Sarana dan Prasarana,5,
S0050,P0054,Konsumsi,4,
S0050,P0054,Ketepatan Waktu,4,
S0051,P0128,Materi Pelatihan,4,
S0051,P0128,Konsumsi,4,
S0051,P0128,Ketepatan Waktu,3,
S0052,P0089,Materi Pelatihan,3,
S0052,P0089,Kualitas Fasilitator,4,
S0052,P0089,Sarana dan Prasarana,4,
S0052,P0089,Konsumsi,4,
S0053,P0075,Materi Pelatihan,3,
S0053,P0075,Kualitas Fasilitator,5,
S0053,P0075,Sarana dan Prasarana,5,
S0053,P0075,Konsumsi,5,
S0053,P0075,Ketepatan Waktu,3,
S0054,P0074,Materi Pelatihan,3,
S0054,P0074,Kualitas Fasilitator,4,
S0054,P0074,Sarana dan Prasarana,5,
S0054,P0074,Konsumsi,4,
S0055,P0103,Materi Pelatihan,5,
S0055,P0103,Kualitas Fasilitator,5,
S0055,P0103,Konsumsi,4,
S0055,P0103,Ketepatan Waktu,5,
S0056,P0074,Materi Pelatihan,5,
S0056,P0074,Kualitas Fasilitator,4,
S0056,P0074,Sarana dan Prasarana,4,
S0056,P0074,Konsumsi,5,
S0056,P0074,Ketepatan Waktu,4,
S0057,P0062,Materi Pelatihan,4,
S0057,P0062,Kualitas Fasilitator,4,
S0057,P0062,Sarana dan Prasarana,4,
S0057,P0062,Konsumsi,4,
S0057,P0062,Ketepatan Waktu,5,
S0058,P0116,Materi Pelatihan,4,
S0058,P0116,Kualitas Fasilitator,4,
S0058,P0116,Sarana dan Prasarana,4,
S0058,P0116,Konsumsi,5,
S0058,P0116,Ketepatan Waktu,2,
S0059,P0106,Materi Pelatihan,5,
S0059,P0106,Kualitas Fasilitator,4,
S0059,P0106,Sarana dan Prasarana,4,
S0059,P0106,Konsumsi,4,
S0059,P0106,Ketepatan Waktu,4,
S0060,P0056,Materi Pelatihan,5,
S0060,P0056,Kualitas Fasilitator,5,
S0060,P0056,Sarana dan Prasarana,4,
S0060,P0056,Konsumsi,5,
S0060,P0056,Ketepatan Waktu,4,
S0061,P0122,Materi Pelatihan,4,
S0061,P0122,Kualitas Fasilitator,5,
S0061,P0122,Sarana dan Prasarana,4,
S0061,P0122,Konsumsi,4,
S0061,P0122,Ketepatan Waktu,4,
S0062,P0039,Materi Pelatihan,5,
S0062,P0039,Kualitas Fasilitator,5,
S0062,P0039,Sarana dan Prasarana,5,
S0062,P0039,Konsumsi,4,
S0063,P0033,Materi Pelatihan,5,
S0063,P0033,Kualitas Fasilitator,4,
S0063,P0033,Sarana dan Prasarana,4,
S0063,P0033,Konsumsi,5,
S0063,P0033,Ketepatan Waktu,3,
S0064,P0135,Materi Pelatihan,4,
S0064,P0135,Kualitas Fasilitator,5,
S0064,P0135,Konsumsi,5,
S0064,P0135,Ketepatan Waktu,4,
S0065,P0063,Materi Pelatihan,4,
S0065,P0063,Kualitas Fasilitator,5,
S0065,P0063,Sarana dan Prasarana,4,
S0065,P0063,Ketepatan Waktu,5,
S0066,P0108,Materi Pelatihan,4,
S0066,P0108,Kualitas Fasilitator,4,
S0066,P0108,Sarana dan Prasarana,5,
S0066,P0108,Konsumsi,4,
S0066,P0108,Ketepatan Waktu,1,
S0067,P0075,Materi Pelatihan,4,
S0067,P0075,Kualitas Fasilitator,5,
S0067,P0075,Sarana dan Prasarana,5,
S0067,P0075,Konsumsi,4,
S0067,P0075,Ketepatan Waktu,4,
S0068,P0127,Materi Pelatihan,5,
S0068,P0127,Kualitas Fasilitator,5,
S0068,P0127,Konsumsi,5,
S0069,P0007,Materi Pelatihan,3,
S0069,P0007,Sarana dan Prasarana,4,
S0069,P0007,Konsumsi,5,
S0069,P0007,Ketepatan Waktu,5,
S0070,P0043,Materi Pelatihan,4,
S0070,P0043,Kualitas Fasilitator,5,
S0070,P0043,Konsumsi,4,
S0070,P0043,Ketepatan Waktu,4,
S0071,P0044,Materi Pelatihan,3,
S0071,P0044,Kualitas Fasilitator,4,
S0071,P0044,Sarana dan Prasarana,4,
S0071,P0044,Konsumsi,4,
S0071,P0044,Ketepatan Waktu,4,
S0072,P0111,Materi Pelatihan,5,
S0072,P0111,Kualitas Fasilitator,4,
S0072,P0111,Sarana dan Prasarana,4,
S0072,P0111,Konsumsi,4,
S0072,P0111,Ketepatan Waktu,4,
S0073,P0104,Sarana dan Prasarana,5,
S0073,P0104,Konsumsi,5,
S0073,P0104,Ketepatan Waktu,4,
S0074,P0070,Materi Pelatihan,5,
S0074,P0070,Sarana dan Prasarana,5,
S0074,P0070,Konsumsi,4,
S0074,P0070,Ketepatan Waktu,4,
S0075,P0017,Kualitas Fasilitator,4,
S0075,P0017,Sarana dan Prasarana,5,
S0075,P0017,Konsumsi,4,
S0075,P0017,Ketepatan Waktu,4,
S0076,P0128,Materi Pelatihan,5,
S0076,P0128,Kualitas Fasilitator,5,
S0076,P0128,Sarana dan Prasarana,5,
S0076,P0128,Konsumsi,4,
S0076,P0128,Ketepatan Waktu,5,
S0077,P0021,Materi Pelatihan,4,
S0077,P0021,Kualitas Fasilitator,4,
S0077,P0021,Sarana dan Prasarana,4,
S0077,P0021,Konsumsi,4,
S0077,P0021,Ketepatan Waktu,3,
S0078,P0019,Materi Pelatihan,3,
S0078,P0019,Kualitas Fasilitator,4,
S0078,P0019,Sarana dan Prasarana,4,
S0078,P0019,Konsumsi,4,
S0078,P0019,Ketepatan Waktu,5,
S0079,P0138,Materi Pelatihan,5,
S0079,P0138,Kualitas Fasilitator,5,
S0079,P0138,Sarana dan Prasarana,4,
S0079,P0138,Konsumsi,5,
S0079,P0138,Ketepatan Waktu,4,
S0080,P0063,Materi Pelatihan,4,
S0080,P0063,Kualitas Fasilitator,4,
S0080,P0063,Sarana dan Prasarana,4,
S0080,P0063,Konsumsi,4,
S0080,P0063,Ketepatan Waktu,3,
S0081,P0119,Materi Pelatihan,3,
S0081,P0119,Kualitas Fasilitator,5,
S0081,P0119,Sarana dan Prasarana,5,
S0081,P0119,Ketepatan Waktu,3,
S0082,P0049,Materi Pelatihan,5,
S0082,P0049,Kualitas Fasilitator,3,
S0082,P0049,Sarana dan Prasarana,4,
S0082,P0049,Konsumsi,5,
S0082,P0049,Ketepatan Waktu,1,
S0083,P0090,Materi Pelatihan,4,
S0083,P0090,Kualitas Fasilitator,4,
S0083,P0090,Sarana dan Prasarana,4,
S0083,P0090,Konsumsi,4,
S0084,P0084,Materi Pelatihan,4,
S0084,P0084,Kualitas Fasilitator,3,
S0084,P0084,Konsumsi,4,
S0084,P0084,Ketepatan Waktu,5,
S0085,P0141,Materi Pelatihan,4,
S0085,P0141,Kualitas Fasilitator,4,
S0085,P0141,Sarana dan Prasarana,5,
S0085,P0141,Konsumsi,4,
S0086,P0146,Materi Pelatihan,4,
S0086,P0146,Sarana dan Prasarana,5,
S0086,P0146,Konsumsi,4,
S0086,P0146,Ketepatan Waktu,5,
S0087,P0112,Materi Pelatihan,4,
S0087,P0112,Kualitas Fasilitator,4,
S0087,P0112,Sarana dan Prasarana,4,
S0087,P0112,Konsumsi,1,
S0087,P0112,Ketepatan Waktu,5,
S0088,P0102,Materi Pelatihan,5,
S0088,P0102,Kualitas Fasilitator,4,
S0088,P0102,Sarana dan Prasarana,4,
S0088,P0102,Konsumsi,5,
S0088,P0102,Ketepatan Waktu,4,
S0089,P0051,Materi Pelatihan,5,
S0089,P0051,Sarana dan Prasarana,4,
S0089,P0051,Konsumsi,5,
S0089,P0051,Ketepatan Waktu,5,
S0090,P0042,Materi Pelatihan,5,
S0090,P0042,Kualitas Fasilitator,5,
S0090,P0042,Sarana dan Prasarana,4,
S0090,P0042,Konsumsi,2,
S0090,P0042,Ketepatan Waktu,4,
S0091,P0092,Materi Pelatihan,4,
S0091,P0092,Kualitas Fasilitator,5,
S0091,P0092,Konsumsi,5,
S0092,P0083,Materi Pelatihan,4,
S0092,P0083,Kualitas Fasilitator,5,
S0092,P0083,Sarana dan Prasarana,4,
S0092,P0083,Konsumsi,4,
S0092,P0083,Ketepatan Waktu,4,
S0093,P0113,Materi Pelatihan,1,
S0093,P0113,Kualitas Fasilitator,4,
S0093,P0113,Sarana dan Prasarana,5,
S0093,P0113,Konsumsi,5,
S0093,P0113,Ketepatan Waktu,3,
S0094,P0092,Materi Pelatihan,3,
S0094,P0092,Kualitas Fasilitator,4,
S0094,P0092,Konsumsi,3,
S0094,P0092,Ketepatan Waktu,5,
S0095,P0131,Materi Pelatihan,5,
S0095,P0131,Kualitas Fasilitator,5,
S0095,P0131,Sarana dan Prasarana,2,
S0095,P0131,Konsumsi,5,
S0095,P0131,Ketepatan Waktu,3,
S0096,P0034,Materi Pelatihan,4,
S0096,P0034,Kualitas Fasilitator,5,
S0096,P0034,Sarana dan Prasarana,5,
S0096,P0034,Konsumsi,3,
S0096,P0034,Ketepatan Waktu,5,
S0097,P0041,Materi Pelatihan,5,
S0097,P0041,Kualitas Fasilitator,4,
S0097,P0041,Sarana dan Prasarana,5,
S0097,P0041,Konsumsi,4,
S0097,P0041,Ketepatan Waktu,4,
S0098,P0096,Kualitas Fasilitator,4,
S0098,P0096,Sarana dan Prasarana,5,
S0098,P0096,Konsumsi,4,
S0098,P0096,Ketepatan Waktu,3,
S0099,P0136,Kualitas Fasilitator,5,
S0099,P0136,Sarana dan Prasarana,4,
S0099,P0136,Konsumsi,5,
S0099,P0136,Ketepatan Waktu,4,
S0100,P0101,Materi Pelatihan,4,
S0100,P0101,Kualitas Fasilitator,4,
S0100,P0101,Sarana dan Prasarana,4,
S0100,P0101,Konsumsi,4,
S0100,P0101,Ketepatan Waktu,5,
S0101,P0076,Materi Pelatihan,4,
S0101,P0076,Kualitas Fasilitator,5,
S0101,P0076,Sarana dan Prasarana,5,
S0101,P0076,Konsumsi,1,
S0102,P0039,Materi Pelatihan,5,
S0102,P0039,Kualitas Fasilitator,4,
S0102,P0039,Konsumsi,5,
S0103,P0014,Kualitas Fasilitator,3,
S0103,P0014,Sarana dan Prasarana,4,
S0103,P0014,Konsumsi,4,
S0103,P0014,Ketepatan Waktu,5,
S0104,P0122,Materi Pelatihan,1,
S0104,P0122,Kualitas Fasilitator,4,
S0104,P0122,Sarana dan Prasarana,3,
S0104,P0122,Konsumsi,4,
S0104,P0122,Ketepatan Waktu,5,
S0105,P0015,Materi Pelatihan,4,
S0105,P0015,Kualitas Fasilitator,5,
S0105,P0015,Sarana dan Prasarana,5,
S0105,P0015,Konsumsi,4,
S0105,P0015,Ketepatan Waktu,2,
S0106,P0137,Kualitas Fasilitator,4,
S0106,P0137,Sarana dan Prasarana,3,
S0106,P0137,Konsumsi,5,
S0106,P0137,Ketepatan Waktu,4,
S0107,P0133,Materi Pelatihan,4,
S0107,P0133,Kualitas Fasilitator,5,
S0107,P0133,Sarana dan Prasarana,4,
S0107,P0133,Konsumsi,2,
S0107,P0133,Ketepatan Waktu,5,
S0108,P0138,Kualitas Fasilitator,5,
S0108,P0138,Sarana dan Prasarana,5,
S0108,P0138,Konsumsi,4,
S0108,P0138,Ketepatan Waktu,4,
S0109,P0010,Materi Pelatihan,5,
S0109,P0010,Kualitas Fasilitator,5,
S0109,P0010,Sarana dan Prasarana,3,
S0109,P0010,Konsumsi,5,
S0109,P0010,Ketepatan Waktu,5,
S0110,P0068,Materi Pelatihan,5,
S0110,P0068,Kualitas Fasilitator,3,
S0110,P0068,Sarana dan Prasarana,4,
S0110,P0068,Konsumsi,5,
S0110,P0068,Ketepatan Waktu,4,
S0111,P0084,Materi Pelatihan,4,
S0111,P0084,Kualitas Fasilitator,4,
S0111,P0084,Sarana dan Prasarana,5,
S0111,P0084,Konsumsi,5,
S0111,P0084,Ketepatan Waktu,4,
S0112,P0136,Materi Pelatihan,5,
S0112,P0136,Kualitas Fasilitator,5,
S0112,P0136,Sarana dan Prasarana,4,
S0112,P0136,Konsumsi,5,
S0112,P0136,Ketepatan Waktu,5,
S0113,P0038,Kualitas Fasilitator,5,
S0113,P0038,Sarana dan Prasarana,5,
S0113,P0038,Konsumsi,2,
S0113,P0038,Ketepatan Waktu,5,
S0114,P0011,Materi Pelatihan,5,
S0114,P0011,Kualitas Fasilitator,4,
S0114,P0011,Sarana dan Prasarana,5,
S0114,P0011,Konsumsi,5,
S0114,P0011,Ketepatan Waktu,5,
S0115,P0099,Materi Pelatihan,4,
S0115,P0099,Kualitas Fasilitator,2,
S0115,P0099,Sarana dan Prasarana,5,
S0115,P0099,Konsumsi,5,
S0115,P0099,Ketepatan Waktu,4,
S0116,P0026,Materi Pelatihan,5,
S0116,P0026,Kualitas Fasilitator,4,
S0116,P0026,Sarana dan Prasarana,4,
S0116,P0026,Konsumsi,5,
S0117,P0095,Materi Pelatihan,5,
S0117,P0095,Kualitas Fasilitator,4,
S0117,P0095,Sarana dan Prasarana,5,
S0117,P0095,Konsumsi,2,
S0117,P0095,Ketepatan Waktu,3,
S0118,P0121,Materi Pelatihan,4,
S0118,P0121,Kualitas Fasilitator,5,
S0118,P0121,Sarana dan Prasarana,5,
S0118,P0121,Konsumsi,1,
S0118,P0121,Ketepatan Waktu,5,
S0119,P0014,Kualitas Fasilitator,4,
S0119,P0014,Sarana dan Prasarana,4,
S0119,P0014,Konsumsi,4,
S0119,P0014,Ketepatan Waktu,4,
S0120,P0041,Materi Pelatihan,4,
S0120,P0041,Kualitas Fasilitator,4,
S0120,P0041,Sarana dan Prasarana,5,
S0120,P0041,Konsumsi,5,
S0120,P0041,Ketepatan Waktu,5,
